ANO_EJE,NIVEL_GOBIERNO,NIVEL_GOBIERNO_NOMBRE,SECTOR,SECTOR_NOMBRE,PLIEGO,PLIEGO_NOMBRE,SEC_EJEC,EJECUTORA,EJECUTORA_NOMBRE,DEPARTAMENTO_EJECUTORA,DEPARTAMENTO_EJECUTORA_NOMBRE,PROVINCIA_EJECUTORA,PROVINCIA_EJECUTORA_NOMBRE,DISTRITO_EJECUTORA,DISTRITO_EJECUTORA_NOMBRE,PROGRAMA_PPTO,PROGRAMA_PPTO_NOMBRE,TIPO_ACT_PROY,TIPO_ACT_PROY_NOMBRE,PRODUCTO_PROYECTO,PRODUCTO_PROYECTO_NOMBRE,ACTIVIDAD_ACCION_OBRA,ACTIVIDAD_ACCION_OBRA_NOMBRE,DEPARTAMENTO_META,DEPARTAMENTO_META_NOMBRE,RUBRO,RUBRO_NOMBRE,MONTO_PIM,MONTO_DEVENGADO,FECHA_ACTUALIZACION_ARCHIVO
2026,M,GOBIERNOS LOCALES, , , , ,300307,030505,MUNICIPALIDAD DISTRITAL DE MARA,03,APURIMAC,05,COTABAMBA,05,MARA,0083,PROGRAMA NACIONAL DE SANEAMIENTO RURAL,2,PROYECTO,2517726,MEJORAMIENTO Y AMPLIACION DEL SISTEMA DE AGUA Y SANEAMIENTO BASICO DEL CENTRO POBLADO DE ARCOSPAMPA DEL DISTRITO DE MARA - PROVINCIA DE COTABAMBAS - DEPARTAMENTO DE APURIMAC,4000053,MEJORAMIENTO DEL SISTEMA DE AGUA POTABLE,03,APURIMAC,13,DONACIONES Y TRANSFERENCIAS,1671519.0,1671519.0,2026-09-22 08:47:58
2026,M,GOBIERNOS LOCALES, , , , ,301628,210306,MUNICIPALIDAD DISTRITAL DE CRUCERO,21,PUNO,03,CARABAYA,06,CRUCERO,0148,"REDUCCION DEL TIEMPO, INSEGURIDAD Y COSTO AMBIENTAL EN EL TRANSPORTE URBANO",2,PROYECTO,2597952,MEJORAMIENTO DEL SERVICIO DE MOVILIDAD URBANA EN LA LOCALIDAD DE CRUCERO DEL DISTRITO DE CRUCERO DE LA PROVINCIA DE CARABAYA DEL DEPARTAMENTO DE PUNO,6000002,SUPERVISION Y LIQUIDACION DE OBRAS,21,PUNO,13,DONACIONES Y TRANSFERENCIAS,143177.0,131898.0,2026-09-22 08:47:58
2026,E,GOBIERNO NACIONAL,37,VIVIENDA CONSTRUCCION Y SANEAMIENTO,037,"MINISTERIO DE VIVIENDA, CONSTRUCCION Y SANEAMIENTO",1443,005,PROGRAMA NACIONAL DE SANEAMIENTO RURAL,15,LIMA,01,LIMA,22,MIRAFLORES,0083,PROGRAMA NACIONAL DE SANEAMIENTO RURAL,2,PROYECTO,2235611,"AMPLIACION Y MEJORAMIENTO DEL SERVICIO DE AGUA POTABLE E INSTALACION DEL SERVICIO DE SANEAMIENTO EN EL CENTRO POBLADO DE PAMPA HERMOSA, DISTRITO DE TROMPETEROS, PROVINCIA DE LORETO, REGION LORETO",6000016,GESTION Y ADMINISTRACION,16,LORETO,13,DONACIONES Y TRANSFERENCIAS,50000.0,16300.0,2026-09-22 08:47:58
2026,E,GOBIERNO NACIONAL,37,VIVIENDA CONSTRUCCION Y SANEAMIENTO,037,"MINISTERIO DE VIVIENDA, CONSTRUCCION Y SANEAMIENTO",1443,005,PROGRAMA NACIONAL DE SANEAMIENTO RURAL,15,LIMA,01,LIMA,22,MIRAFLORES,0083,PROGRAMA NACIONAL DE SANEAMIENTO RURAL,2,PROYECTO,2328454,"MEJORAMIENTO, AMPLIACION DEL SERVICIO DE AGUA POTABLE Y SANEAMIENTO EN LA COMUNIDAD NATIVA PUERTO ALEGRE, DISTRITO DE ANDOAS, PROVINCIA DEL DATEM DEL MARAÑON, REGION LORETO",6000016,GESTION Y ADMINISTRACION,16,LORETO,13,DONACIONES Y TRANSFERENCIAS,50000.0,28000.0,2026-09-22 08:47:58
2026,E,GOBIERNO NACIONAL,37,VIVIENDA CONSTRUCCION Y SANEAMIENTO,037,"MINISTERIO DE VIVIENDA, CONSTRUCCION Y SANEAMIENTO",1443,005,PROGRAMA NACIONAL DE SANEAMIENTO RURAL,15,LIMA,01,LIMA,22,MIRAFLORES,0083,PROGRAMA NACIONAL DE SANEAMIENTO RURAL,2,PROYECTO,2328455,"MEJORAMIENTO, AMPLIACION DEL SERVICIO DE AGUA POTABLE Y SANEAMIENTO EN LA COMUNIDAD NATIVA BOLOGNESI, DISTRITO DE ANDOAS, PROVINCIA DE DATEM DEL MARAÑON, REGION LORETO",6000039,EDUCACION SANITARIA Y GESTION DE LOS SERVICIOS DE SANEAMIENTO,16,LORETO,13,DONACIONES Y TRANSFERENCIAS,34300.0,0.0,2026-09-22 08:47:58
2026,M,GOBIERNOS LOCALES, , , , ,300736,080705,MUNICIPALIDAD DISTRITAL DE LIVITACA,08,CUSCO,07,CHUMBIVILCAS,05,LIVITACA,0090,LOGROS DE APRENDIZAJE DE ESTUDIANTES DE LA EDUCACION BASICA REGULAR,2,PROYECTO,2466388,MEJORAMIENTO Y AMPLIACION DE SERVICIO EDUCATIVO DEL NIVEL INICIAL Y PRIMARIO DE LA I.E 56286 - KISIO DE LA COMUNIDAD CAMPESINA DE HUANACO DISTRITO DE LIVITACA - PROVINCIA DE CHUMBIVILCAS - DEPARTAMENTO DE CUSCO,6000001,EXPEDIENTE TECNICO,08,CUSCO,13,DONACIONES Y TRANSFERENCIAS,54439.0,0.0,2026-09-22 08:47:58
2026,E,GOBIERNO NACIONAL,37,VIVIENDA CONSTRUCCION Y SANEAMIENTO,037,"MINISTERIO DE VIVIENDA, CONSTRUCCION Y SANEAMIENTO",1443,005,PROGRAMA NACIONAL DE SANEAMIENTO RURAL,15,LIMA,01,LIMA,22,MIRAFLORES,0083,PROGRAMA NACIONAL DE SANEAMIENTO RURAL,2,PROYECTO,2307922,"AMPLIACION Y MEJORAMIENTO DEL SERVICIO DE AGUA POTABLE E INSTALACION DEL SANEAMIENTO DE LA LOCALIDAD DE LIBERTAD, DISTRITO DE TIGRE - LORETO - LORETO",6000002,SUPERVISION Y LIQUIDACION DE OBRAS,16,LORETO,13,DONACIONES Y TRANSFERENCIAS,20337.0,0.0,2026-09-22 08:47:58
2026,M,GOBIERNOS LOCALES, , , , ,300417,040603,MUNICIPALIDAD DISTRITAL DE CAYARANI,04,AREQUIPA,06,CONDESUYOS,03,CAYARANI,0042,APROVECHAMIENTO DE LOS RECURSOS HIDRICOS PARA USO AGRARIO,2,PROYECTO,2672845,"MEJORAMIENTO DEL SERVICIO DE PROVISION DE AGUA PARA RIEGO EN EL SECTOR CCOCHAPATA DE LA COMUNIDAD DE CHALLA, DISTRITO DE CAYARANI DE LA PROVINCIA DE CONDESUYOS DEL DEPARTAMENTO DE AREQUIPA",4000120,MEJORAMIENTO DE LINEA DE CONDUCCION DE SISTEMAS DE RIEGO,04,AREQUIPA,13,DONACIONES Y TRANSFERENCIAS,2708242.0,1607608.44,2026-09-22 08:47:58
2026,M,GOBIERNOS LOCALES, , , , ,300738,080707,MUNICIPALIDAD DISTRITAL DE QUIÑOTA,08,CUSCO,07,CHUMBIVILCAS,07,QUINOTA,0148,"REDUCCION DEL TIEMPO, INSEGURIDAD Y COSTO AMBIENTAL EN EL TRANSPORTE URBANO",2,PROYECTO,2470978,CREACION DE LA INFRAESTRUCTURA VIAL DEL BARRIO URINSAYA DE LA LOCALIDAD DE QUIÑOTA DEL DISTRITO DE QUIÑOTA - PROVINCIA DE CHUMBIVILCAS - DEPARTAMENTO DE CUSCO,4000075,CONSTRUCCION DE VIA LOCAL,08,CUSCO,13,DONACIONES Y TRANSFERENCIAS,3996527.0,305465.28,2026-09-22 08:47:58
2026,E,GOBIERNO NACIONAL,37,VIVIENDA CONSTRUCCION Y SANEAMIENTO,037,"MINISTERIO DE VIVIENDA, CONSTRUCCION Y SANEAMIENTO",1443,005,PROGRAMA NACIONAL DE SANEAMIENTO RURAL,15,LIMA,01,LIMA,22,MIRAFLORES,0083,PROGRAMA NACIONAL DE SANEAMIENTO RURAL,2,PROYECTO,2328455,"MEJORAMIENTO, AMPLIACION DEL SERVICIO DE AGUA POTABLE Y SANEAMIENTO EN LA COMUNIDAD NATIVA BOLOGNESI, DISTRITO DE ANDOAS, PROVINCIA DE DATEM DEL MARAÑON, REGION LORETO",6000002,SUPERVISION Y LIQUIDACION DE OBRAS,16,LORETO,13,DONACIONES Y TRANSFERENCIAS,65000.0,0.0,2026-09-22 08:47:58
2026,E,GOBIERNO NACIONAL,37,VIVIENDA CONSTRUCCION Y SANEAMIENTO,037,"MINISTERIO DE VIVIENDA, CONSTRUCCION Y SANEAMIENTO",1443,005,PROGRAMA NACIONAL DE SANEAMIENTO RURAL,15,LIMA,01,LIMA,22,MIRAFLORES,0083,PROGRAMA NACIONAL DE SANEAMIENTO RURAL,2,PROYECTO,2328454,"MEJORAMIENTO, AMPLIACION DEL SERVICIO DE AGUA POTABLE Y SANEAMIENTO EN LA COMUNIDAD NATIVA PUERTO ALEGRE, DISTRITO DE ANDOAS, PROVINCIA DEL DATEM DEL MARAÑON, REGION LORETO",4000181,"REHABILITACION, MEJORAMIENTO Y AMPLIACION DEL SISTEMA DE AGUA POTABLE Y DISPOSICION SANITARIA DE EXCRETA",16,LORETO,13,DONACIONES Y TRANSFERENCIAS,1408456.0,0.0,2026-09-22 08:47:58
2026,E,GOBIERNO NACIONAL,37,VIVIENDA CONSTRUCCION Y SANEAMIENTO,037,"MINISTERIO DE VIVIENDA, CONSTRUCCION Y SANEAMIENTO",1443,005,PROGRAMA NACIONAL DE SANEAMIENTO RURAL,15,LIMA,01,LIMA,22,MIRAFLORES,0083,PROGRAMA NACIONAL DE SANEAMIENTO RURAL,2,PROYECTO,2307922,"AMPLIACION Y MEJORAMIENTO DEL SERVICIO DE AGUA POTABLE E INSTALACION DEL SANEAMIENTO DE LA LOCALIDAD DE LIBERTAD, DISTRITO DE TIGRE - LORETO - LORETO",6000039,EDUCACION SANITARIA Y GESTION DE LOS SERVICIOS DE SANEAMIENTO,16,LORETO,13,DONACIONES Y TRANSFERENCIAS,107117.0,57615.0,2026-09-22 08:47:58
2026,E,GOBIERNO NACIONAL,37,VIVIENDA CONSTRUCCION Y SANEAMIENTO,037,"MINISTERIO DE VIVIENDA, CONSTRUCCION Y SANEAMIENTO",1443,005,PROGRAMA NACIONAL DE SANEAMIENTO RURAL,15,LIMA,01,LIMA,22,MIRAFLORES,0083,PROGRAMA NACIONAL DE SANEAMIENTO RURAL,2,PROYECTO,2332507,"MEJORAMIENTO Y AMPLIACION DEL SERVICIO DE AGUA POTABLE Y SANEAMIENTO EN LA CC.NN BELEN DISTRITO DE TROMPETEROS, PROVINCIA DE LORETO, REGION DE LORETO.",6000002,SUPERVISION Y LIQUIDACION DE OBRAS,16,LORETO,13,DONACIONES Y TRANSFERENCIAS,65000.0,0.0,2026-09-22 08:47:58
2026,E,GOBIERNO NACIONAL,37,VIVIENDA CONSTRUCCION Y SANEAMIENTO,037,"MINISTERIO DE VIVIENDA, CONSTRUCCION Y SANEAMIENTO",1443,005,PROGRAMA NACIONAL DE SANEAMIENTO RURAL,15,LIMA,01,LIMA,22,MIRAFLORES,0083,PROGRAMA NACIONAL DE SANEAMIENTO RURAL,2,PROYECTO,2328454,"MEJORAMIENTO, AMPLIACION DEL SERVICIO DE AGUA POTABLE Y SANEAMIENTO EN LA COMUNIDAD NATIVA PUERTO ALEGRE, DISTRITO DE ANDOAS, PROVINCIA DEL DATEM DEL MARAÑON, REGION LORETO",6000001,EXPEDIENTE TECNICO,16,LORETO,13,DONACIONES Y TRANSFERENCIAS,48682.0,48681.87,2026-09-22 08:47:58
2026,E,GOBIERNO NACIONAL,37,VIVIENDA CONSTRUCCION Y SANEAMIENTO,037,"MINISTERIO DE VIVIENDA, CONSTRUCCION Y SANEAMIENTO",1443,005,PROGRAMA NACIONAL DE SANEAMIENTO RURAL,15,LIMA,01,LIMA,22,MIRAFLORES,0083,PROGRAMA NACIONAL DE SANEAMIENTO RURAL,2,PROYECTO,2328455,"MEJORAMIENTO, AMPLIACION DEL SERVICIO DE AGUA POTABLE Y SANEAMIENTO EN LA COMUNIDAD NATIVA BOLOGNESI, DISTRITO DE ANDOAS, PROVINCIA DE DATEM DEL MARAÑON, REGION LORETO",6000016,GESTION Y ADMINISTRACION,16,LORETO,13,DONACIONES Y TRANSFERENCIAS,102684.0,62640.55,2026-09-22 08:47:58
2026,E,GOBIERNO NACIONAL,37,VIVIENDA CONSTRUCCION Y SANEAMIENTO,037,"MINISTERIO DE VIVIENDA, CONSTRUCCION Y SANEAMIENTO",1443,005,PROGRAMA NACIONAL DE SANEAMIENTO RURAL,15,LIMA,01,LIMA,22,MIRAFLORES,0083,PROGRAMA NACIONAL DE SANEAMIENTO RURAL,2,PROYECTO,2332507,"MEJORAMIENTO Y AMPLIACION DEL SERVICIO DE AGUA POTABLE Y SANEAMIENTO EN LA CC.NN BELEN DISTRITO DE TROMPETEROS, PROVINCIA DE LORETO, REGION DE LORETO.",6000039,EDUCACION SANITARIA Y GESTION DE LOS SERVICIOS DE SANEAMIENTO,16,LORETO,13,DONACIONES Y TRANSFERENCIAS,29071.0,0.0,2026-09-22 08:47:58
2026,E,GOBIERNO NACIONAL,37,VIVIENDA CONSTRUCCION Y SANEAMIENTO,037,"MINISTERIO DE VIVIENDA, CONSTRUCCION Y SANEAMIENTO",1443,005,PROGRAMA NACIONAL DE SANEAMIENTO RURAL,15,LIMA,01,LIMA,22,MIRAFLORES,0083,PROGRAMA NACIONAL DE SANEAMIENTO RURAL,2,PROYECTO,2235611,"AMPLIACION Y MEJORAMIENTO DEL SERVICIO DE AGUA POTABLE E INSTALACION DEL SERVICIO DE SANEAMIENTO EN EL CENTRO POBLADO DE PAMPA HERMOSA, DISTRITO DE TROMPETEROS, PROVINCIA DE LORETO, REGION LORETO",6000002,SUPERVISION Y LIQUIDACION DE OBRAS,16,LORETO,13,DONACIONES Y TRANSFERENCIAS,65000.0,0.0,2026-09-22 08:47:58
2026,E,GOBIERNO NACIONAL,37,VIVIENDA CONSTRUCCION Y SANEAMIENTO,037,"MINISTERIO DE VIVIENDA, CONSTRUCCION Y SANEAMIENTO",1443,005,PROGRAMA NACIONAL DE SANEAMIENTO RURAL,15,LIMA,01,LIMA,22,MIRAFLORES,0083,PROGRAMA NACIONAL DE SANEAMIENTO RURAL,2,PROYECTO,2328479,"MEJORAMIENTO, AMPLIACION DEL SERVICIO DE AGUA POTABLE Y SANEAMIENTO EN LA COMUNIDAD NATIVA SABALOYACU, DISTRITO DE ANDOAS, PROVINCIA DEL DATEM DEL MARAÑON, REGION LORETO",6000039,EDUCACION SANITARIA Y GESTION DE LOS SERVICIOS DE SANEAMIENTO,16,LORETO,13,DONACIONES Y TRANSFERENCIAS,65200.0,0.0,2026-09-22 08:47:58
2026,E,GOBIERNO NACIONAL,37,VIVIENDA CONSTRUCCION Y SANEAMIENTO,037,"MINISTERIO DE VIVIENDA, CONSTRUCCION Y SANEAMIENTO",1443,005,PROGRAMA NACIONAL DE SANEAMIENTO RURAL,15,LIMA,01,LIMA,22,MIRAFLORES,0083,PROGRAMA NACIONAL DE SANEAMIENTO RURAL,2,PROYECTO,2330634,"MEJORAMIENTO Y AMPLIACION DEL SERVICIO DE AGUA POTABLE Y SANEAMIENTO EN LA CC.NN SAN JUAN DE BARTRA DISTRITO DE EL TIGRE, PROVINCIA DE LORETO, REGION DE LORETO.",6000016,GESTION Y ADMINISTRACION,16,LORETO,13,DONACIONES Y TRANSFERENCIAS,11038.0,0.0,2026-09-22 08:47:58
2026,M,GOBIERNOS LOCALES, , , , ,300733,080702,MUNICIPALIDAD DISTRITAL DE CAPACMARCA,08,CUSCO,07,CHUMBIVILCAS,02,CAPACMARCA,9002,ASIGNACIONES PRESUPUESTARIAS QUE NO RESULTAN EN PRODUCTOS,2,PROYECTO,2571514,"MEJORAMIENTO Y AMPLIACION DEL SERVICIO DE PROVISION DE AGUA PARA RIEGO EN LOS SECTORES DE TAQERUMI, LLUSHO, TAHUAY UNO, HUERTAPAMPA Y TAHUAY DOS, DE LA COMUNIDAD CAMPESINA DE TAHUAY DEL DISTRITO DE CAPACMARCA DE LA PROVINCIA DE CHUMBIVILCAS DEL DEPARTAMENTO DE CUSCO",4000109,AMPLIACION DE SISTEMA DE RIEGO,08,CUSCO,13,DONACIONES Y TRANSFERENCIAS,1147396.0,156535.81,2026-09-22 08:47:58
2026,M,GOBIERNOS LOCALES, , , , ,300735,080704,MUNICIPALIDAD DISTRITAL DE COLQUEMARCA,08,CUSCO,07,CHUMBIVILCAS,04,COLQUEMARCA,0042,APROVECHAMIENTO DE LOS RECURSOS HIDRICOS PARA USO AGRARIO,2,PROYECTO,2490542,MEJORAMIENTO DEL SERVICIO DE AGUA PARA RIEGO EN EL SECTOR PARCCOBAMBA DE LA COMUNIDAD YANQUE PARCCOBAMBA LACCA LACCA DEL DISTRITO DE COLQUEMARCA - PROVINCIA DE CHUMBIVILCAS - DEPARTAMENTO DE CUSCO,6000002,SUPERVISION Y LIQUIDACION DE OBRAS,08,CUSCO,13,DONACIONES Y TRANSFERENCIAS,56036.0,27575.71,2026-09-22 08:47:58
2026,M,GOBIERNOS LOCALES, , , , ,300736,080705,MUNICIPALIDAD DISTRITAL DE LIVITACA,08,CUSCO,07,CHUMBIVILCAS,05,LIVITACA,0148,"REDUCCION DEL TIEMPO, INSEGURIDAD Y COSTO AMBIENTAL EN EL TRANSPORTE URBANO",2,PROYECTO,2472854,"MEJORAMIENTO Y AMPLIACION DEL SERVICIO DE TRANSITABILIDAD VEHICULAR Y PEATONAL DE LAS AVENIDAS Y CALLES DEL BARRIO HERRERIA, DE LA A.P.V. HUERTO CCOLLANA DISTRITO DE LIVITACA - PROVINCIA DE CHUMBIVILCAS - DEPARTAMENTO DE CUSCO",4000075,CONSTRUCCION DE VIA LOCAL,08,CUSCO,13,DONACIONES Y TRANSFERENCIAS,726857.0,553568.28,2026-09-22 08:47:58
2026,M,GOBIERNOS LOCALES, , , , ,300733,080702,MUNICIPALIDAD DISTRITAL DE CAPACMARCA,08,CUSCO,07,CHUMBIVILCAS,02,CAPACMARCA,9002,ASIGNACIONES PRESUPUESTARIAS QUE NO RESULTAN EN PRODUCTOS,2,PROYECTO,2458938,CREACION DEL SERVICIO DE TRANSITABILIDAD PEATONAL Y VEHICULAR DE LA CALLE PRINCIPAL Y PLAZA CENTRAL DEL CP CANCAHUANI DEL DISTRITO DE CAPACMARCA - PROVINCIA DE CHUMBIVILCAS - DEPARTAMENTO DE CUSCO,4000079,MEJORAMIENTO DE CAMINO VECINAL,08,CUSCO,13,DONACIONES Y TRANSFERENCIAS,99632.0,99631.33,2026-09-22 08:47:58
2026,M,GOBIERNOS LOCALES, , , , ,300736,080705,MUNICIPALIDAD DISTRITAL DE LIVITACA,08,CUSCO,07,CHUMBIVILCAS,05,LIVITACA,0083,PROGRAMA NACIONAL DE SANEAMIENTO RURAL,2,PROYECTO,2512020,"MEJORAMIENTO Y AMPLIACION DEL SERVICIO DE AGUA POTABLE Y SANEAMIENTO BASICO EN EL SECTOR DE AUSANTA DE LA COMUNIDAD DE AUCHO, DISTRITO DE LIVITACA - PROVINCIA DE CHUMBIVILCAS - DEPARTAMENTO DE CUSCO",4000183,MEJORAMIENTO DEL SISTEMA DE AGUA POTABLE Y DISPOSICION SANITARIA DE EXCRETA,08,CUSCO,13,DONACIONES Y TRANSFERENCIAS,261403.0,228897.39,2026-09-22 08:47:58
2026,M,GOBIERNOS LOCALES, , , , ,300732,080701,MUNICIPALIDAD PROVINCIAL DE CHUMBIVILCAS - SANTO TOMAS,08,CUSCO,07,CHUMBIVILCAS,01,SANTO TOMAS,0083,PROGRAMA NACIONAL DE SANEAMIENTO RURAL,2,PROYECTO,2472604,"MEJORAMIENTO Y AMPLIACION DE LOS SERVICIOS DE AGUA POTABLE Y SANEAMIENTO EN LOS ANEXOS INCUTA, PICUTANI Y CUATRO ESQUINAS DE LA CC URINSAYA PICUTANI, YAVINA Y CHILLIHUANI DEL DISTRITO DE SANTO TOMAS - PROVINCIA DE CHUMBIVILCAS - DEPARTAMENTO DE CUSCO",4000183,MEJORAMIENTO DEL SISTEMA DE AGUA POTABLE Y DISPOSICION SANITARIA DE EXCRETA,08,CUSCO,13,DONACIONES Y TRANSFERENCIAS,6683936.0,145291.78,2026-09-22 08:47:58
2026,M,GOBIERNOS LOCALES, , , , ,300733,080702,MUNICIPALIDAD DISTRITAL DE CAPACMARCA,08,CUSCO,07,CHUMBIVILCAS,02,CAPACMARCA,9002,ASIGNACIONES PRESUPUESTARIAS QUE NO RESULTAN EN PRODUCTOS,2,PROYECTO,2608847,"MEJORAMIENTO Y AMPLIACION DEL SERVICIO DE PROVISION DE AGUA PARA RIEGO EN LOS SECTORES PAUCAPATA, PACOBAMBA, ALBERJAERA, HUERTAPAMPA, TINKAÑA, PAQAERA Y QARACHA DE LA COMUNIDAD CAMPESINA DE HUASCABAMBA DEL DISTRITO DE CAPACMARCA DE LA PROVINCIA DE CHUMBIVILCAS DEL DEPARTAMENTO DE CUSCO",4000109,AMPLIACION DE SISTEMA DE RIEGO,08,CUSCO,13,DONACIONES Y TRANSFERENCIAS,3587124.0,1089401.9899999998,2026-09-22 08:47:58
2026,M,GOBIERNOS LOCALES, , , , ,300736,080705,MUNICIPALIDAD DISTRITAL DE LIVITACA,08,CUSCO,07,CHUMBIVILCAS,05,LIVITACA,0090,LOGROS DE APRENDIZAJE DE ESTUDIANTES DE LA EDUCACION BASICA REGULAR,2,PROYECTO,2388403,MEJORAMIENTO Y AMPLIACION DEL SERVICIO DE EDUCACION INICIAL 521 EN EL SECTOR DE QUECHAPAMPA DE LA C.C. DE HUANACO DEL DISTRITO DE LIVITACA - PROVINCIA DE CHUMBIVILCAS - DEPARTAMENTO DE CUSCO,6000001,EXPEDIENTE TECNICO,08,CUSCO,13,DONACIONES Y TRANSFERENCIAS,44722.0,0.0,2026-09-22 08:47:58
2026,E,GOBIERNO NACIONAL,37,VIVIENDA CONSTRUCCION Y SANEAMIENTO,037,"MINISTERIO DE VIVIENDA, CONSTRUCCION Y SANEAMIENTO",1443,005,PROGRAMA NACIONAL DE SANEAMIENTO RURAL,15,LIMA,01,LIMA,22,MIRAFLORES,0083,PROGRAMA NACIONAL DE SANEAMIENTO RURAL,2,PROYECTO,2328479,"MEJORAMIENTO, AMPLIACION DEL SERVICIO DE AGUA POTABLE Y SANEAMIENTO EN LA COMUNIDAD NATIVA SABALOYACU, DISTRITO DE ANDOAS, PROVINCIA DEL DATEM DEL MARAÑON, REGION LORETO",4000181,"REHABILITACION, MEJORAMIENTO Y AMPLIACION DEL SISTEMA DE AGUA POTABLE Y DISPOSICION SANITARIA DE EXCRETA",16,LORETO,13,DONACIONES Y TRANSFERENCIAS,1164174.0,942555.06,2026-09-22 08:47:58
2026,M,GOBIERNOS LOCALES, , , , ,300738,080707,MUNICIPALIDAD DISTRITAL DE QUIÑOTA,08,CUSCO,07,CHUMBIVILCAS,07,QUINOTA,9002,ASIGNACIONES PRESUPUESTARIAS QUE NO RESULTAN EN PRODUCTOS,2,PROYECTO,2624278,MEJORAMIENTO DE LOS SERVICIOS OPERATIVOS O MISIONALES INSTITUCIONALES EN LA IMPLEMENTACION CON MAQUINARIA PESADA Y LIVIANA EN EL DISTRITO DE QUIÑOTA DE LA PROVINCIA DE CHUMBIVILCAS DEL DEPARTAMENTO DE CUSCO,4000160,MEJORAMIENTO DE INFRAESTRUCTURA ADMINISTRATIVA,08,CUSCO,13,DONACIONES Y TRANSFERENCIAS,1237278.0,18278.129999999997,2026-09-22 08:47:58
2026,M,GOBIERNOS LOCALES, , , , ,300735,080704,MUNICIPALIDAD DISTRITAL DE COLQUEMARCA,08,CUSCO,07,CHUMBIVILCAS,04,COLQUEMARCA,0083,PROGRAMA NACIONAL DE SANEAMIENTO RURAL,2,PROYECTO,2466167,MEJORAMIENTO Y AMPLIACION DEL SISTEMA DE SANEAMIENTO BASICO INTEGRAL EN EL ANEXO DE PARCCOBAMBA DE LA C.C DE YANQUE DEL DISTRITO DE COLQUEMARCA - PROVINCIA DE CHUMBIVILCAS - DEPARTAMENTO DE CUSCO,4000053,MEJORAMIENTO DEL SISTEMA DE AGUA POTABLE,08,CUSCO,13,DONACIONES Y TRANSFERENCIAS,71454.0,55445.42,2026-09-22 08:47:58
2026,M,GOBIERNOS LOCALES, , , , ,300736,080705,MUNICIPALIDAD DISTRITAL DE LIVITACA,08,CUSCO,07,CHUMBIVILCAS,05,LIVITACA,0042,APROVECHAMIENTO DE LOS RECURSOS HIDRICOS PARA USO AGRARIO,2,PROYECTO,2492705,"MEJORAMIENTO DEL SERVICIO DE AGUA PARA RIEGO EN LA MARGEN IZQUIERDA Y DERECHA DE LA COMUNIDAD CAMPESINA CCOLLANA ALTA, DISTRITO DE LIVITACA - PROVINCIA DE CHUMBIVILCAS - DEPARTAMENTO DE CUSCO",6000001,EXPEDIENTE TECNICO,08,CUSCO,13,DONACIONES Y TRANSFERENCIAS,42610.0,0.0,2026-09-22 08:47:58
2026,E,GOBIERNO NACIONAL,37,VIVIENDA CONSTRUCCION Y SANEAMIENTO,037,"MINISTERIO DE VIVIENDA, CONSTRUCCION Y SANEAMIENTO",1443,005,PROGRAMA NACIONAL DE SANEAMIENTO RURAL,15,LIMA,01,LIMA,22,MIRAFLORES,0083,PROGRAMA NACIONAL DE SANEAMIENTO RURAL,2,PROYECTO,2328454,"MEJORAMIENTO, AMPLIACION DEL SERVICIO DE AGUA POTABLE Y SANEAMIENTO EN LA COMUNIDAD NATIVA PUERTO ALEGRE, DISTRITO DE ANDOAS, PROVINCIA DEL DATEM DEL MARAÑON, REGION LORETO",6000039,EDUCACION SANITARIA Y GESTION DE LOS SERVICIOS DE SANEAMIENTO,16,LORETO,13,DONACIONES Y TRANSFERENCIAS,35000.0,0.0,2026-09-22 08:47:58
2026,E,GOBIERNO NACIONAL,37,VIVIENDA CONSTRUCCION Y SANEAMIENTO,037,"MINISTERIO DE VIVIENDA, CONSTRUCCION Y SANEAMIENTO",1443,005,PROGRAMA NACIONAL DE SANEAMIENTO RURAL,15,LIMA,01,LIMA,22,MIRAFLORES,0083,PROGRAMA NACIONAL DE SANEAMIENTO RURAL,2,PROYECTO,2235611,"AMPLIACION Y MEJORAMIENTO DEL SERVICIO DE AGUA POTABLE E INSTALACION DEL SERVICIO DE SANEAMIENTO EN EL CENTRO POBLADO DE PAMPA HERMOSA, DISTRITO DE TROMPETEROS, PROVINCIA DE LORETO, REGION LORETO",6000039,EDUCACION SANITARIA Y GESTION DE LOS SERVICIOS DE SANEAMIENTO,16,LORETO,13,DONACIONES Y TRANSFERENCIAS,35000.0,0.0,2026-09-22 08:47:58
2026,E,GOBIERNO NACIONAL,37,VIVIENDA CONSTRUCCION Y SANEAMIENTO,037,"MINISTERIO DE VIVIENDA, CONSTRUCCION Y SANEAMIENTO",1443,005,PROGRAMA NACIONAL DE SANEAMIENTO RURAL,15,LIMA,01,LIMA,22,MIRAFLORES,0083,PROGRAMA NACIONAL DE SANEAMIENTO RURAL,2,PROYECTO,2328455,"MEJORAMIENTO, AMPLIACION DEL SERVICIO DE AGUA POTABLE Y SANEAMIENTO EN LA COMUNIDAD NATIVA BOLOGNESI, DISTRITO DE ANDOAS, PROVINCIA DE DATEM DEL MARAÑON, REGION LORETO",6000001,EXPEDIENTE TECNICO,16,LORETO,13,DONACIONES Y TRANSFERENCIAS,111562.0,0.0,2026-09-22 08:47:58
2026,M,GOBIERNOS LOCALES, , , , ,301625,210303,MUNICIPALIDAD DISTRITAL DE AYAPATA,21,PUNO,03,CARABAYA,03,AYAPATA,0083,PROGRAMA NACIONAL DE SANEAMIENTO RURAL,2,PROYECTO,2252384,"MEJORAMIENTO Y AMPLIACION DE LOS SERVICIOS DE AGUA POTABLE Y SANEAMIENTO EN LA COMUNIDAD DE KANCHI ORCCOTAQUI DEL, DISTRITO DE AYAPATA - CARABAYA - PUNO",4000053,MEJORAMIENTO DEL SISTEMA DE AGUA POTABLE,21,PUNO,13,DONACIONES Y TRANSFERENCIAS,3419887.0,612068.37,2026-09-22 08:47:58
2026,M,GOBIERNOS LOCALES, , , , ,300737,080706,MUNICIPALIDAD DISTRITAL DE LLUSCO,08,CUSCO,07,CHUMBIVILCAS,06,LLUSCO,0042,APROVECHAMIENTO DE LOS RECURSOS HIDRICOS PARA USO AGRARIO,2,PROYECTO,2500128,MEJORAMIENTO DEL SERVICIO DE AGUA PARA RIEGO DEL SISTEMA DE RIEGO LLOCCAMARCA EN LA COMUNIDAD DE LUTTO KUTUTO DEL DISTRITO DE LLUSCO - PROVINCIA DE CHUMBIVILCAS - DEPARTAMENTO DE CUSCO,4000109,AMPLIACION DE SISTEMA DE RIEGO,08,CUSCO,13,DONACIONES Y TRANSFERENCIAS,2437411.0,1494715.44,2026-09-22 08:47:58
2026,E,GOBIERNO NACIONAL,37,VIVIENDA CONSTRUCCION Y SANEAMIENTO,037,"MINISTERIO DE VIVIENDA, CONSTRUCCION Y SANEAMIENTO",1443,005,PROGRAMA NACIONAL DE SANEAMIENTO RURAL,15,LIMA,01,LIMA,22,MIRAFLORES,0083,PROGRAMA NACIONAL DE SANEAMIENTO RURAL,2,PROYECTO,2330637,"MEJORAMIENTO Y AMPLIACION DEL SERVICIO DE AGUA POTABLE Y SANEAMIENTO EN LA CC.NN PAICHE PLAYA DISTRITO DE EL TIGRE, PROVINCIA DE LORETO, REGION DE LORETO",6000016,GESTION Y ADMINISTRACION,16,LORETO,13,DONACIONES Y TRANSFERENCIAS,54620.0,25064.56,2026-09-22 08:47:58
2026,E,GOBIERNO NACIONAL,37,VIVIENDA CONSTRUCCION Y SANEAMIENTO,037,"MINISTERIO DE VIVIENDA, CONSTRUCCION Y SANEAMIENTO",1443,005,PROGRAMA NACIONAL DE SANEAMIENTO RURAL,15,LIMA,01,LIMA,22,MIRAFLORES,0083,PROGRAMA NACIONAL DE SANEAMIENTO RURAL,2,PROYECTO,2484744,"MEJORAMIENTO Y AMPLIACION DEL SISTEMA DE AGUA POTABLE Y SANEAMIENTO EN LOSSECTORES DE TANDARCOCHA, MOLLEBAMBA, AYLLUPACHICTE, CARHUACALLA, PUMATAMBO,CCOYPA, AYUSBAMBA, HUILLKAQUI, CCOLQUEUCRO, MISKABAMBA, HUAROBAMBA, PIRCCA,NAYHUA, URBIS Y KARUSPAMPA DEL DISTRITO DE PACCARITAMBO - PROVINCIA DE PARURO - DEPARTAMENTO DE CUSCO",4000181,"REHABILITACION, MEJORAMIENTO Y AMPLIACION DEL SISTEMA DE AGUA POTABLE Y DISPOSICION SANITARIA DE EXCRETA",08,CUSCO,13,DONACIONES Y TRANSFERENCIAS,185526.0,0.0,2026-09-22 08:47:58
2026,M,GOBIERNOS LOCALES, , , , ,300735,080704,MUNICIPALIDAD DISTRITAL DE COLQUEMARCA,08,CUSCO,07,CHUMBIVILCAS,04,COLQUEMARCA,0083,PROGRAMA NACIONAL DE SANEAMIENTO RURAL,2,PROYECTO,2488698,MEJORAMIENTO Y AMPLIACION DEL SERVICIO DE AGUA POTABLE Y SANEAMIENTO BASICO EN EL ANEXO DE CHOCCOYO DE LA COMUNIDAD IDIOPA - ÑAUPA JAPO - URINSAYA DEL DISTRITO DE COLQUEMARCA - PROVINCIA DE CHUMBIVILCAS - DEPARTAMENTO DE CUSCO,4000053,MEJORAMIENTO DEL SISTEMA DE AGUA POTABLE,08,CUSCO,13,DONACIONES Y TRANSFERENCIAS,223777.0,74817.78,2026-09-22 08:47:58
2026,M,GOBIERNOS LOCALES, , , , ,301623,210301,MUNICIPALIDAD PROVINCIAL DE CARABAYA - MACUSANI,21,PUNO,03,CARABAYA,01,MACUSANI,9002,ASIGNACIONES PRESUPUESTARIAS QUE NO RESULTAN EN PRODUCTOS,2,PROYECTO,2675476,MEJORAMIENTO DE LOS SERVICIOS OPERATIVOS O MISIONALES INSTITUCIONALES EN LA DIVISION DE EQUIPO MECANICO DE LA MUNICIPALIDAD PROVINCIAL DE CARABAYA DISTRITO DE MACUSANI DE LA PROVINCIA DE CARABAYA DEL DEPARTAMENTO DE PUNO,6000045,ADQUISICION DE MAQUINARIA Y EQUIPOS,21,PUNO,13,DONACIONES Y TRANSFERENCIAS,5649591.0,5649500.62,2026-09-22 08:47:58
2026,M,GOBIERNOS LOCALES, , , , ,300734,080703,MUNICIPALIDAD DISTRITAL DE CHAMACA,08,CUSCO,07,CHUMBIVILCAS,03,CHAMACA,0150,INCREMENTO EN EL ACCESO DE LA POBLACION A LOS SERVICIOS EDUCATIVOS PUBLICOS DE LA EDUCACION BASICA,2,PROYECTO,2433908,MEJORAMIENTO Y AMPLIACION SERVICIOS EDUCATIVOS DE LA IE N°56264 UCHUCCARCCO ALTO DEL DISTRITO DE CHAMACA - PROVINCIA DE CHUMBIVILCAS - DEPARTAMENTO DE CUSCO,4000036,MEJORAMIENTO DE INFRAESTRUCTURA DE EDUCACION PRIMARIA,08,CUSCO,13,DONACIONES Y TRANSFERENCIAS,16245.0,0.0,2026-09-22 08:47:58
2026,E,GOBIERNO NACIONAL,37,VIVIENDA CONSTRUCCION Y SANEAMIENTO,037,"MINISTERIO DE VIVIENDA, CONSTRUCCION Y SANEAMIENTO",1443,005,PROGRAMA NACIONAL DE SANEAMIENTO RURAL,15,LIMA,01,LIMA,22,MIRAFLORES,0083,PROGRAMA NACIONAL DE SANEAMIENTO RURAL,2,PROYECTO,2330643,"MEJORAMIENTO Y AMPLIACION DEL SERVICIO DE AGUA POTABLE Y SANEAMIENTO EN LA CC.NN MARSELLA DISTRITO DE EL TIGRE, PROVINCIA DE LORETO, REGION DE LORETO",4000181,"REHABILITACION, MEJORAMIENTO Y AMPLIACION DEL SISTEMA DE AGUA POTABLE Y DISPOSICION SANITARIA DE EXCRETA",16,LORETO,13,DONACIONES Y TRANSFERENCIAS,1698958.0,0.0,2026-09-22 08:47:58
2026,E,GOBIERNO NACIONAL,37,VIVIENDA CONSTRUCCION Y SANEAMIENTO,037,"MINISTERIO DE VIVIENDA, CONSTRUCCION Y SANEAMIENTO",1443,005,PROGRAMA NACIONAL DE SANEAMIENTO RURAL,15,LIMA,01,LIMA,22,MIRAFLORES,0083,PROGRAMA NACIONAL DE SANEAMIENTO RURAL,2,PROYECTO,2307922,"AMPLIACION Y MEJORAMIENTO DEL SERVICIO DE AGUA POTABLE E INSTALACION DEL SANEAMIENTO DE LA LOCALIDAD DE LIBERTAD, DISTRITO DE TIGRE - LORETO - LORETO",4000181,"REHABILITACION, MEJORAMIENTO Y AMPLIACION DEL SISTEMA DE AGUA POTABLE Y DISPOSICION SANITARIA DE EXCRETA",16,LORETO,13,DONACIONES Y TRANSFERENCIAS,451199.0,0.0,2026-09-22 08:47:58
2026,E,GOBIERNO NACIONAL,37,VIVIENDA CONSTRUCCION Y SANEAMIENTO,037,"MINISTERIO DE VIVIENDA, CONSTRUCCION Y SANEAMIENTO",1443,005,PROGRAMA NACIONAL DE SANEAMIENTO RURAL,15,LIMA,01,LIMA,22,MIRAFLORES,0083,PROGRAMA NACIONAL DE SANEAMIENTO RURAL,2,PROYECTO,2328455,"MEJORAMIENTO, AMPLIACION DEL SERVICIO DE AGUA POTABLE Y SANEAMIENTO EN LA COMUNIDAD NATIVA BOLOGNESI, DISTRITO DE ANDOAS, PROVINCIA DE DATEM DEL MARAÑON, REGION LORETO",4000181,"REHABILITACION, MEJORAMIENTO Y AMPLIACION DEL SISTEMA DE AGUA POTABLE Y DISPOSICION SANITARIA DE EXCRETA",16,LORETO,13,DONACIONES Y TRANSFERENCIAS,775070.0,700.0,2026-09-22 08:47:58
2026,E,GOBIERNO NACIONAL,37,VIVIENDA CONSTRUCCION Y SANEAMIENTO,037,"MINISTERIO DE VIVIENDA, CONSTRUCCION Y SANEAMIENTO",1443,005,PROGRAMA NACIONAL DE SANEAMIENTO RURAL,15,LIMA,01,LIMA,22,MIRAFLORES,0083,PROGRAMA NACIONAL DE SANEAMIENTO RURAL,2,PROYECTO,2235611,"AMPLIACION Y MEJORAMIENTO DEL SERVICIO DE AGUA POTABLE E INSTALACION DEL SERVICIO DE SANEAMIENTO EN EL CENTRO POBLADO DE PAMPA HERMOSA, DISTRITO DE TROMPETEROS, PROVINCIA DE LORETO, REGION LORETO",6000055,SOLUCIÓN DE CONTROVERSIAS,16,LORETO,13,DONACIONES Y TRANSFERENCIAS,708.0,0.0,2026-09-22 08:47:58
2026,E,GOBIERNO NACIONAL,37,VIVIENDA CONSTRUCCION Y SANEAMIENTO,037,"MINISTERIO DE VIVIENDA, CONSTRUCCION Y SANEAMIENTO",1443,005,PROGRAMA NACIONAL DE SANEAMIENTO RURAL,15,LIMA,01,LIMA,22,MIRAFLORES,0083,PROGRAMA NACIONAL DE SANEAMIENTO RURAL,2,PROYECTO,2332507,"MEJORAMIENTO Y AMPLIACION DEL SERVICIO DE AGUA POTABLE Y SANEAMIENTO EN LA CC.NN BELEN DISTRITO DE TROMPETEROS, PROVINCIA DE LORETO, REGION DE LORETO.",6000055,SOLUCIÓN DE CONTROVERSIAS,16,LORETO,13,DONACIONES Y TRANSFERENCIAS,5929.0,5928.26,2026-09-22 08:47:58
2026,M,GOBIERNOS LOCALES, , , , ,300733,080702,MUNICIPALIDAD DISTRITAL DE CAPACMARCA,08,CUSCO,07,CHUMBIVILCAS,02,CAPACMARCA,9002,ASIGNACIONES PRESUPUESTARIAS QUE NO RESULTAN EN PRODUCTOS,2,PROYECTO,2500577,MEJORAMIENTO Y AMPLIACION LA INFRAESTRUCTURA VIAL Y PEATONAL DE LA AV. CUSCO DE LA COMUNIDAD DE CAPACMARCA DEL DISTRITO DE CAPACMARCA - PROVINCIA DE CHUMBIVILCAS - DEPARTAMENTO DE CUSCO,4000084,MEJORAMIENTO DE VIA LOCAL,08,CUSCO,13,DONACIONES Y TRANSFERENCIAS,19208.0,19207.13,2026-09-22 08:47:58
2026,M,GOBIERNOS LOCALES, , , , ,300733,080702,MUNICIPALIDAD DISTRITAL DE CAPACMARCA,08,CUSCO,07,CHUMBIVILCAS,02,CAPACMARCA,0042,APROVECHAMIENTO DE LOS RECURSOS HIDRICOS PARA USO AGRARIO,2,PROYECTO,2405351,"CREACION DEL SERVICIO DE AGUA PARA RIEGO EN LOS SECTORES DE LAROBAMBA, PUMAPUJIO, MOLLECCACCA, MACHAYPUNCO, SAYHUA, COMUN ORETONAYOC, HUANCALLO Y LAMANTE DE LA COMUNIDAD DE TAHUAY DEL DISTRITO DE CAPACMARCA - PROVINCIA DE CHUMBIVILCAS - REGION CUSCO",4000109,AMPLIACION DE SISTEMA DE RIEGO,08,CUSCO,13,DONACIONES Y TRANSFERENCIAS,1308452.0,714233.2,2026-09-22 08:47:58
2026,E,GOBIERNO NACIONAL,37,VIVIENDA CONSTRUCCION Y SANEAMIENTO,037,"MINISTERIO DE VIVIENDA, CONSTRUCCION Y SANEAMIENTO",1443,005,PROGRAMA NACIONAL DE SANEAMIENTO RURAL,15,LIMA,01,LIMA,22,MIRAFLORES,0083,PROGRAMA NACIONAL DE SANEAMIENTO RURAL,2,PROYECTO,2328479,"MEJORAMIENTO, AMPLIACION DEL SERVICIO DE AGUA POTABLE Y SANEAMIENTO EN LA COMUNIDAD NATIVA SABALOYACU, DISTRITO DE ANDOAS, PROVINCIA DEL DATEM DEL MARAÑON, REGION LORETO",6000016,GESTION Y ADMINISTRACION,16,LORETO,13,DONACIONES Y TRANSFERENCIAS,138460.0,98547.16,2026-09-22 08:47:58
2026,M,GOBIERNOS LOCALES, , , , ,301623,210301,MUNICIPALIDAD PROVINCIAL DE CARABAYA - MACUSANI,21,PUNO,03,CARABAYA,01,MACUSANI,9002,ASIGNACIONES PRESUPUESTARIAS QUE NO RESULTAN EN PRODUCTOS,2,PROYECTO,2675476,MEJORAMIENTO DE LOS SERVICIOS OPERATIVOS O MISIONALES INSTITUCIONALES EN LA DIVISION DE EQUIPO MECANICO DE LA MUNICIPALIDAD PROVINCIAL DE CARABAYA DISTRITO DE MACUSANI DE LA PROVINCIA DE CARABAYA DEL DEPARTAMENTO DE PUNO,4000213,CONSTRUCCION E IMPLEMENTACION DE MAESTRANZAS,21,PUNO,13,DONACIONES Y TRANSFERENCIAS,315945.0,155952.0,2026-09-22 08:47:58
2026,M,GOBIERNOS LOCALES, , , , ,301623,210301,MUNICIPALIDAD PROVINCIAL DE CARABAYA - MACUSANI,21,PUNO,03,CARABAYA,01,MACUSANI,0132,PUESTA EN VALOR Y USO SOCIAL DEL PATRIMONIO CULTURAL,2,PROYECTO,2446056,MEJORAMIENTO DEL SERVICIO CULTURAL PUBLICO DE LA IGLESIA SAN JUAN BAUTISTA DE LA CIUDAD DE MACUSANI DEL DISTRITO DE MACUSANI - PROVINCIA DE CARABAYA - DEPARTAMENTO DE PUNO,4000165,MEJORAMIENTO DE INFRAESTRUCTURA CULTURAL,21,PUNO,13,DONACIONES Y TRANSFERENCIAS,769253.0,347492.93,2026-09-22 08:47:58
2026,M,GOBIERNOS LOCALES, , , , ,300735,080704,MUNICIPALIDAD DISTRITAL DE COLQUEMARCA,08,CUSCO,07,CHUMBIVILCAS,04,COLQUEMARCA,0083,PROGRAMA NACIONAL DE SANEAMIENTO RURAL,2,PROYECTO,2300687,"MEJORAMIENTO Y AMPLIACION DEL SISTEMA DE SERVICIO DE AGUA POTABLE, LETRINAS SANITARIAS CON ARRASTRE HIDRAULICO Y BIODIGESTOR EN EL SECTORES DE HUACCOTO, HUALLUANI, TOROMANYA Y CANTUTA EN LA COMUNIDAD DE HUACCOTO DEL DISTRITO DE COLQUEMARCA, PROVINCIA DE CHUMBIVILCAS - CUSCO",4000053,MEJORAMIENTO DEL SISTEMA DE AGUA POTABLE,08,CUSCO,13,DONACIONES Y TRANSFERENCIAS,5393.0,5393.0,2026-09-22 08:47:58
2026,M,GOBIERNOS LOCALES, , , , ,300739,080708,MUNICIPALIDAD DISTRITAL DE VELILLE,08,CUSCO,07,CHUMBIVILCAS,08,VELILLE,0036,GESTION INTEGRAL DE RESIDUOS SOLIDOS,2,PROYECTO,2472956,MEJORAMIENTO DEL SERVICIO DE LIMPIEZA PUBLICA EN LA LOCALIDAD DE VELILLE- DISTRITO DE VELILLE - PROVINCIA DE CHUMBIVILCAS - DEPARTAMENTO DE CUSCO,4000201,MEJORAMIENTO DE SISTEMA DE RECOLECCION Y TRATAMIENTO DE RESIDUOS SOLIDOS,08,CUSCO,13,DONACIONES Y TRANSFERENCIAS,442600.0,275974.68,2026-09-22 08:47:58
2026,E,GOBIERNO NACIONAL,37,VIVIENDA CONSTRUCCION Y SANEAMIENTO,037,"MINISTERIO DE VIVIENDA, CONSTRUCCION Y SANEAMIENTO",1443,005,PROGRAMA NACIONAL DE SANEAMIENTO RURAL,15,LIMA,01,LIMA,22,MIRAFLORES,0083,PROGRAMA NACIONAL DE SANEAMIENTO RURAL,2,PROYECTO,2328454,"MEJORAMIENTO, AMPLIACION DEL SERVICIO DE AGUA POTABLE Y SANEAMIENTO EN LA COMUNIDAD NATIVA PUERTO ALEGRE, DISTRITO DE ANDOAS, PROVINCIA DEL DATEM DEL MARAÑON, REGION LORETO",6000002,SUPERVISION Y LIQUIDACION DE OBRAS,16,LORETO,13,DONACIONES Y TRANSFERENCIAS,65000.0,0.0,2026-09-22 08:47:58
2026,M,GOBIERNOS LOCALES, , , , ,300733,080702,MUNICIPALIDAD DISTRITAL DE CAPACMARCA,08,CUSCO,07,CHUMBIVILCAS,02,CAPACMARCA,9002,ASIGNACIONES PRESUPUESTARIAS QUE NO RESULTAN EN PRODUCTOS,2,PROYECTO,2490025,CREACION DE LOS SERVICIOS RECREATIVOS EN LA PLAZA PRINCIPAL DEL CENTRO POBLADO DE CANCAHUANI DISTRITO DE CAPACMARCA - PROVINCIA DE CHUMBIVILCAS - DEPARTAMENTO DE CUSCO,4000084,MEJORAMIENTO DE VIA LOCAL,08,CUSCO,13,DONACIONES Y TRANSFERENCIAS,41000.0,41000.0,2026-09-22 08:47:58
2026,E,GOBIERNO NACIONAL,37,VIVIENDA CONSTRUCCION Y SANEAMIENTO,037,"MINISTERIO DE VIVIENDA, CONSTRUCCION Y SANEAMIENTO",1443,005,PROGRAMA NACIONAL DE SANEAMIENTO RURAL,15,LIMA,01,LIMA,22,MIRAFLORES,0083,PROGRAMA NACIONAL DE SANEAMIENTO RURAL,2,PROYECTO,2332507,"MEJORAMIENTO Y AMPLIACION DEL SERVICIO DE AGUA POTABLE Y SANEAMIENTO EN LA CC.NN BELEN DISTRITO DE TROMPETEROS, PROVINCIA DE LORETO, REGION DE LORETO.",6000001,EXPEDIENTE TECNICO,16,LORETO,13,DONACIONES Y TRANSFERENCIAS,86881.0,33234.25,2026-09-22 08:47:58
2026,M,GOBIERNOS LOCALES, , , , ,300735,080704,MUNICIPALIDAD DISTRITAL DE COLQUEMARCA,08,CUSCO,07,CHUMBIVILCAS,04,COLQUEMARCA,0042,APROVECHAMIENTO DE LOS RECURSOS HIDRICOS PARA USO AGRARIO,2,PROYECTO,2490542,MEJORAMIENTO DEL SERVICIO DE AGUA PARA RIEGO EN EL SECTOR PARCCOBAMBA DE LA COMUNIDAD YANQUE PARCCOBAMBA LACCA LACCA DEL DISTRITO DE COLQUEMARCA - PROVINCIA DE CHUMBIVILCAS - DEPARTAMENTO DE CUSCO,4000121,MEJORAMIENTO DE LINEA DE DISTRIBUCION DE SISTEMAS DE RIEGO,08,CUSCO,13,DONACIONES Y TRANSFERENCIAS,1623812.0,1064614.1400000001,2026-09-22 08:47:58
2026,M,GOBIERNOS LOCALES, , , , ,300736,080705,MUNICIPALIDAD DISTRITAL DE LIVITACA,08,CUSCO,07,CHUMBIVILCAS,05,LIVITACA,0090,LOGROS DE APRENDIZAJE DE ESTUDIANTES DE LA EDUCACION BASICA REGULAR,2,PROYECTO,2300940,"MEJORAMIENTO Y AMPLIACION DEL SERVICIO DE EDUCACION DE NIVEL SECUNDARIO DE LA I.E. N 56289 RICARDO PALMA EN EL SECTOR QUECHAPAMPA DE LA COMUNIDAD CAMPESINA HUANACO, DISTRITO DE LIVITACA - CHUMBIVILCAS - CUSCO",6000001,EXPEDIENTE TECNICO,08,CUSCO,13,DONACIONES Y TRANSFERENCIAS,48097.0,0.0,2026-09-22 08:47:58
2026,E,GOBIERNO NACIONAL,37,VIVIENDA CONSTRUCCION Y SANEAMIENTO,037,"MINISTERIO DE VIVIENDA, CONSTRUCCION Y SANEAMIENTO",1443,005,PROGRAMA NACIONAL DE SANEAMIENTO RURAL,15,LIMA,01,LIMA,22,MIRAFLORES,0083,PROGRAMA NACIONAL DE SANEAMIENTO RURAL,2,PROYECTO,2235611,"AMPLIACION Y MEJORAMIENTO DEL SERVICIO DE AGUA POTABLE E INSTALACION DEL SERVICIO DE SANEAMIENTO EN EL CENTRO POBLADO DE PAMPA HERMOSA, DISTRITO DE TROMPETEROS, PROVINCIA DE LORETO, REGION LORETO",4000181,"REHABILITACION, MEJORAMIENTO Y AMPLIACION DEL SISTEMA DE AGUA POTABLE Y DISPOSICION SANITARIA DE EXCRETA",16,LORETO,13,DONACIONES Y TRANSFERENCIAS,2004427.0,0.0,2026-09-22 08:47:58
2026,E,GOBIERNO NACIONAL,37,VIVIENDA CONSTRUCCION Y SANEAMIENTO,037,"MINISTERIO DE VIVIENDA, CONSTRUCCION Y SANEAMIENTO",1443,005,PROGRAMA NACIONAL DE SANEAMIENTO RURAL,15,LIMA,01,LIMA,22,MIRAFLORES,0083,PROGRAMA NACIONAL DE SANEAMIENTO RURAL,2,PROYECTO,2332507,"MEJORAMIENTO Y AMPLIACION DEL SERVICIO DE AGUA POTABLE Y SANEAMIENTO EN LA CC.NN BELEN DISTRITO DE TROMPETEROS, PROVINCIA DE LORETO, REGION DE LORETO.",4000181,"REHABILITACION, MEJORAMIENTO Y AMPLIACION DEL SISTEMA DE AGUA POTABLE Y DISPOSICION SANITARIA DE EXCRETA",16,LORETO,13,DONACIONES Y TRANSFERENCIAS,873408.0,0.0,2026-09-22 08:47:58
2026,M,GOBIERNOS LOCALES, , , , ,301628,210306,MUNICIPALIDAD DISTRITAL DE CRUCERO,21,PUNO,03,CARABAYA,06,CRUCERO,0148,"REDUCCION DEL TIEMPO, INSEGURIDAD Y COSTO AMBIENTAL EN EL TRANSPORTE URBANO",2,PROYECTO,2597952,MEJORAMIENTO DEL SERVICIO DE MOVILIDAD URBANA EN LA LOCALIDAD DE CRUCERO DEL DISTRITO DE CRUCERO DE LA PROVINCIA DE CARABAYA DEL DEPARTAMENTO DE PUNO,6000053,CONTROL CONCURRENTE,21,PUNO,13,DONACIONES Y TRANSFERENCIAS,160143.0,0.0,2026-09-22 08:47:58
2026,M,GOBIERNOS LOCALES, , , , ,301628,210306,MUNICIPALIDAD DISTRITAL DE CRUCERO,21,PUNO,03,CARABAYA,06,CRUCERO,0148,"REDUCCION DEL TIEMPO, INSEGURIDAD Y COSTO AMBIENTAL EN EL TRANSPORTE URBANO",2,PROYECTO,2597952,MEJORAMIENTO DEL SERVICIO DE MOVILIDAD URBANA EN LA LOCALIDAD DE CRUCERO DEL DISTRITO DE CRUCERO DE LA PROVINCIA DE CARABAYA DEL DEPARTAMENTO DE PUNO,4000156,AMPLIACION DE INFRAESTRUCTURA DE COMUNICACIONES,21,PUNO,13,DONACIONES Y TRANSFERENCIAS,4838224.0,4756106.260000001,2026-09-22 08:47:58
2026,E,GOBIERNO NACIONAL,37,VIVIENDA CONSTRUCCION Y SANEAMIENTO,037,"MINISTERIO DE VIVIENDA, CONSTRUCCION Y SANEAMIENTO",1443,005,PROGRAMA NACIONAL DE SANEAMIENTO RURAL,15,LIMA,01,LIMA,22,MIRAFLORES,0083,PROGRAMA NACIONAL DE SANEAMIENTO RURAL,2,PROYECTO,2307922,"AMPLIACION Y MEJORAMIENTO DEL SERVICIO DE AGUA POTABLE E INSTALACION DEL SANEAMIENTO DE LA LOCALIDAD DE LIBERTAD, DISTRITO DE TIGRE - LORETO - LORETO",6000016,GESTION Y ADMINISTRACION,16,LORETO,13,DONACIONES Y TRANSFERENCIAS,70960.0,26260.61,2026-09-22 08:47:58
2026,E,GOBIERNO NACIONAL,37,VIVIENDA CONSTRUCCION Y SANEAMIENTO,037,"MINISTERIO DE VIVIENDA, CONSTRUCCION Y SANEAMIENTO",1443,005,PROGRAMA NACIONAL DE SANEAMIENTO RURAL,15,LIMA,01,LIMA,22,MIRAFLORES,0083,PROGRAMA NACIONAL DE SANEAMIENTO RURAL,2,PROYECTO,2252832,"INSTALACION DE LOS SISTEMAS DE AGUA POTABLE Y SANEAMIENTO PARA EL CENTRO POBLADO DE AJACHIN, DISTRITO DE MANSERICHE - DATEM DEL MARANON - LORETO",6000016,GESTION Y ADMINISTRACION,16,LORETO,13,DONACIONES Y TRANSFERENCIAS,71832.0,33459.13,2026-09-22 08:47:58
2026,M,GOBIERNOS LOCALES, , , , ,301628,210306,MUNICIPALIDAD DISTRITAL DE CRUCERO,21,PUNO,03,CARABAYA,06,CRUCERO,0109,NUESTRAS CIUDADES,2,PROYECTO,2594541,CREACION DE LOS SERVICIOS PUBLICOS DE INTEGRACION ECONOMICA Y SOCIAL EN EL BARRIO JOSE DOMINGO CHOQUEHUANCA DE LA LOCALIDAD DE CRUCERO DEL DISTRITO DE CRUCERO DE LA PROVINCIA DE CARABAYA DEL DEPARTAMENTO DE PUNO,4000187,CONSTRUCCION DE PARQUES,21,PUNO,13,DONACIONES Y TRANSFERENCIAS,214.0,213.66,2026-09-22 08:47:58
2026,E,GOBIERNO NACIONAL,37,VIVIENDA CONSTRUCCION Y SANEAMIENTO,037,"MINISTERIO DE VIVIENDA, CONSTRUCCION Y SANEAMIENTO",1443,005,PROGRAMA NACIONAL DE SANEAMIENTO RURAL,15,LIMA,01,LIMA,22,MIRAFLORES,0083,PROGRAMA NACIONAL DE SANEAMIENTO RURAL,2,PROYECTO,2332507,"MEJORAMIENTO Y AMPLIACION DEL SERVICIO DE AGUA POTABLE Y SANEAMIENTO EN LA CC.NN BELEN DISTRITO DE TROMPETEROS, PROVINCIA DE LORETO, REGION DE LORETO.",6000016,GESTION Y ADMINISTRACION,16,LORETO,13,DONACIONES Y TRANSFERENCIAS,76260.0,50210.0,2026-09-22 08:47:58
